,address,propertyType,bedrooms,detailUrl,location_lat,location_lng,property_id,index
0,"10, Swain Mount, Bradford, West Yorkshire BD2 1HJ",Terraced,3.0,https://www.rightmove.co.uk/house-prices/details/england-126168659-17285083?s=d477d59ad8ded9963f4a69ab3f7c6a630990e574873ec41a0fcae65bd30938d9,53.8235,-1.73853,7fa23e94-53c8-4e89-aa1a-5b14a53266a8,0
1,"2, Plumpton Avenue, Bradford, West Yorkshire BD2 1PE",Semi-Detached,3.0,https://www.rightmove.co.uk/house-prices/details/england-128658074-17285098?s=4d00297476db5184e31807791e175d7bb00156daae4fcd4794947a2184891718,53.82639,-1.74474,cb731e6b-081b-4625-a687-f078da7fd17e,1
2,"30, Fetlock Drive, Bradford, West Yorkshire BD2 3FH",Detached,,https://www.rightmove.co.uk/house-prices/details/england-17285209?s=3fb6151d750dea4889efd08b011246ec51ad1a984a06563c1da3f2819d0b2f79,53.81572,-1.71655,4e458b9a-4fb9-47b5-b857-0f5c26c3ece9,2
3,"23, Thorndale Rise, Bradford, West Yorkshire BD2 1NU",Semi-Detached,2.0,https://www.rightmove.co.uk/house-prices/details/england-125682503-17285095?s=e076448e1c27a687f21f28b855475878bbdccd493211c716cdf65fbd5c021dae,53.81849,-1.7501,a3feceac-5871-4436-9691-4a79cc5f3430,3
4,"41, Blackthorne Close, Bradford, West Yorkshire BD2 3DZ",Semi-Detached,,https://www.rightmove.co.uk/house-prices/details/england-17622691?s=3ea5e8deeeec6b56ec73f64568c7a5021868a775bc4057b2ddf8f184293e04ab,53.81184,-1.71278,d0cfb884-cd27-4a6a-a6ea-07a172696bad,4
5,"2, Fairford Court, Airedale Street, Bradford, West Yorkshire BD2 3BT",Flat,,https://www.rightmove.co.uk/house-prices/details/england-17622661?s=78d84500ce9bde1d66e9b278f2d82d5299e78c82a53fd58b4fbd06714c17a030,53.81503,-1.73098,3920bd1c-b95d-4023-987d-d3fc0e412382,5
6,"57, Acre Drive, Bradford, West Yorkshire BD2 2LS",Semi-Detached,2.0,https://www.rightmove.co.uk/house-prices/details/england-123477488-17285152?s=53753cfa6251e5eb1d94c41ed10e53d6a97ebb502914f28596f4d0753905232b,53.8206,-1.72989,c8245d84-13e9-4a5d-ad67-40d4ce41d6f9,6
7,"115, Blackthorne Close, Bradford, West Yorkshire BD2 3DZ",Semi-Detached,,https://www.rightmove.co.uk/house-prices/details/england-17622688?s=7db4fc460e71c039c0869dc18fdc734df54bbf42207c578b2f9d3733e82731c8,53.81184,-1.71278,fa964f5f-8ac1-4ad9-b1f1-fbe34af02fc1,7
8,"120, Poplars Park Road, Bradford, West Yorkshire BD2 1FQ",Terraced,,https://www.rightmove.co.uk/house-prices/details/england-17285080?s=61182f43ea63ef848ebe13d5093d7d8644040518fc0eb24bb6e57e26fe9a646c,53.81635,-1.75923,738803cb-af87-41f1-8c54-efdc062dd886,8
9,"4, Radcliffe Avenue, Bradford, West Yorkshire BD2 1JL",Semi-Detached,2.0,https://www.rightmove.co.uk/house-prices/details/england-129991295-16705711?s=1b1f9efff01ea47f11210421317e73991f56621d74dab8ec8b2d5d3748a79ca3,53.82126,-1.74021,73a3af01-950c-42cf-90bc-5a6b4d091c0c,9
10,"27, Billets Avenue, Bradford, West Yorkshire BD2 3FD",Semi-Detached,,https://www.rightmove.co.uk/house-prices/details/england-17285194?s=a60f23b16d6ad11ffcef26c28688ade3e412cb5bb9dd4886c0e989859e63650a,53.81437,-1.7161,87de0ddf-3e3e-4a5c-9d5b-e422c8808ddf,10
11,"32, Fetlock Drive, Bradford, West Yorkshire BD2 3FH",Detached,,https://www.rightmove.co.uk/house-prices/details/england-17285206?s=17782c0ebbe25c6f9bc8d5d9df703931b86ae21447b39be1c4cd5cfd03937ef8,53.81572,-1.71655,a4d5be07-ea10-4896-ba64-933077be243c,11
12,"71, Institute Road, Bradford, West Yorkshire BD2 2HU",Terraced,2.0,https://www.rightmove.co.uk/house-prices/details/england-127061657-17285125?s=d1cd96750a0bcc6f76d9de49d66fbe90e1f143a5587ad670efd1a155b2fd0fe1,53.82149,-1.72547,9639e957-3ff9-4bd7-bcab-96a57254df14,12
13,"37, Greenwood Avenue, Bradford, West Yorkshire BD2 1JQ",Semi-Detached,3.0,https://www.rightmove.co.uk/house-prices/details/england-126810167-17285092?s=ac36c99a5f417a95d0c00f190daaa4c543c4e4a34b73855fe93fffb4259fab3c,53.8199,-1.73794,f7a58ec6-2872-4ded-91ec-553d49e62690,13
14,"37, Peveril Mount, Bradford, West Yorkshire BD2 3JY",Terraced,3.0,https://www.rightmove.co.uk/house-prices/details/england-124680107-17285242?s=2ea5d9036ae9a42c1ee253c6da8350c0b24cd5e1ef88e9fa123db5b7d405384d,53.81106,-1.72433,718ca656-331f-4a64-8602-0b721eabf18f,14
15,"23, Brae Avenue, Bradford, West Yorkshire BD2 4AY",Semi-Detached,4.0,https://www.rightmove.co.uk/house-prices/details/england-113847701-17285272?s=4b76192f690542f926421079943575381c60af399bc30e5f13282842610d16a6,53.813,-1.74846,fc6a9e03-cc23-44c6-9b8a-8c34ff0dd4ff,15
16,"58, Mount Street, Eccleshill, Bradford, West Yorkshire BD2 2JH",Terraced,2.0,https://www.rightmove.co.uk/house-prices/details/england-129290894-17622643?s=01e8ab9832d9988fb1fca26b18f14fb605600d4b9348895862b303d7b167975d,53.82132,-1.72851,67217e6e-97d3-45a1-8f2c-0854adc438a0,16
17,"66, Poplars Park Road, Bradford, West Yorkshire BD2 1FQ",Semi-Detached,,https://www.rightmove.co.uk/house-prices/details/england-16705702?s=44102827716fe701ce099c38ae5e71da0d113507372ba9a370d08e0eb4281c72,53.81617,-1.75877,a2800c55-eaf7-40c0-b01c-4d57c6507462,17
18,"14, Craven Terrace, Bradford, West Yorkshire BD2 3EX",Terraced,,https://www.rightmove.co.uk/house-prices/details/england-17285176?s=d2603715f6922dcbf950ac1e0501602cf5c2cd742f56ab12cbecf37e8b77f892,53.81331,-1.72492,4b5b2325-2ef1-4593-bbad-998621f3bcc4,18
19,"60, Wharncliffe Drive, Bradford, West Yorkshire BD2 3SX",Terraced,2.0,https://www.rightmove.co.uk/house-prices/details/england-127256333-17285257?s=ad04c61dc992634c013ab7fdd1f98dc834d765dabfb00e07d1d2e66c606bc787,53.81725,-1.71639,9bc04469-bf54-4639-866b-e9290d767f78,19
20,"415, Livingstone Road, Bradford, West Yorkshire BD2 1QD",Detached,4.0,https://www.rightmove.co.uk/house-prices/details/england-127277978-16705735?s=764e839c08d265c90b808313fc3756f9541b8149edb3ae6c3623c8d5d0928294,53.82379,-1.74749,d00e27e1-aad7-4fb7-bf11-fda05341034c,20
21,"37, Grove House Crescent, Bradford, West Yorkshire BD2 4EQ",Semi-Detached,,https://www.rightmove.co.uk/house-prices/details/england-16705858?s=d36e47b83cd4d091feee605e59ca27c94c3c742837de82953a42ec4f9a6d5b42,53.81569,-1.74146,748b88da-6818-4418-a9e3-7cb2399e392c,21
22,"21, Mount Grove, Bradford, West Yorkshire BD2 2JL",Terraced,2.0,https://www.rightmove.co.uk/house-prices/details/england-66475812-17285140?s=4563dc98d392d80c02f60feb3a4d9c6489193939fe9cfdefa47f7fc484af1c56,53.82258,-1.73048,d4594279-3c90-49ad-b015-209c0215597b,22
23,"30, Mount Terrace, Bradford, West Yorkshire BD2 2JE",Terraced,3.0,https://www.rightmove.co.uk/house-prices/details/england-124933742-17285137?s=dcfac19f96c33d0b62de462aaf7dbf0bb305087944ee56f38bdc78044325dc03,53.82294,-1.72835,62420fd3-2055-4140-b59a-60c8cdac882d,23
24,"25, Billets Avenue, Bradford, West Yorkshire BD2 3FD",Detached,,https://www.rightmove.co.uk/house-prices/details/england-17285191?s=c1ceb61549ca1aefa5eb0d71c995668384f8f025bc4c54ebbe854a7a4dd0bbb0,53.81437,-1.7161,eb8151ac-2020-48f0-bbae-d20b80448f6b,24
25,"19, Pullan Drive, Eccleshill, Bradford, West Yorkshire BD2 3RW",Semi-Detached,3.0,https://www.rightmove.co.uk/house-prices/details/england-125493584-17622871?s=35ede52d451788883e5b25bb5d45d59838c4026c559549926a5976b17feadfb1,53.81753,-1.72322,4a7dfced-8406-4e67-a3a7-5496fab8f614,25
26,"73, Wood Lane, Bradford, West Yorkshire BD2 1JU",Terraced,2.0,https://www.rightmove.co.uk/house-prices/details/england-122766011-16705714?s=f5e5c36c40f3cb54db806030dd93741db836eb2a9bb36cad1fcf37ce5c30a53b,53.82127,-1.74659,6497e7fd-a432-47b5-911b-5e60476e0182,26
27,"48, Hutton Terrace, Bradford, West Yorkshire BD2 2DY",Terraced,2.0,https://www.rightmove.co.uk/house-prices/details/england-124095146-17622634?s=f6db2e6d7c48dec2e6210c0e4d97fcf364865472da1feede00c6a619bf2cc675,53.82031,-1.71834,a6ce9262-a257-425a-bc10-aa1afb4132f7,27
28,"Flat 11, 2, Cameron Grove, Eccleshill, Bradford, West Yorkshire BD2 3DG",Flat,,https://www.rightmove.co.uk/house-prices/details/england-17285167?s=19781aa3f3d2b588c204a5673c1c97b9fca4f55fbc0c3a59c460569a8aecfacc,53.81359,-1.73023,10f4bd16-059e-40f0-8570-b3f78bc95b93,28
29,"23, Kings Drive, Bradford, West Yorkshire BD2 1PX",Semi-Detached,2.0,https://www.rightmove.co.uk/house-prices/details/england-125252492-16705732?s=dc3430b66737fac320abaf3d08fd53e89df90e2360874ddcf5a185c4878ba5d6,53.82594,-1.74702,067787a9-f095-4a18-b54a-a40cb9194584,29
30,"19, Norman Lane, Bradford, West Yorkshire BD2 2LB",Terraced,,https://www.rightmove.co.uk/house-prices/details/england-17285143?s=f9c6c0edcccdba97b7476d4d750fb057f80ee8ab3bf78b4b3b8a65d42e5b0635,53.82321,-1.72881,721584da-19bf-4690-b535-efc40c430138,30
31,"2, Norman Grove, Bradford, West Yorkshire BD2 2NQ",Semi-Detached,3.0,https://www.rightmove.co.uk/house-prices/details/england-19731520-17285155?s=c3a912b36af04e6fabe1012ec9ca8df638526e98b0b30df24d4e9ff754c20af2,53.82124,-1.73459,72962c90-8e94-497e-9ac6-b619e4a2dc74,31
32,"46, Delverne Grove, Bradford, West Yorkshire BD2 3HH",Terraced,3.0,https://www.rightmove.co.uk/house-prices/details/england-123806753-16705822?s=314d05331981a580308684ae218639134e0fdd10f04649a17cf42797fcaf2d07,53.81152,-1.72493,2ba2ddfe-e3b2-4652-bdd7-c295b06487c1,32
33,"25, Thorndale Rise, Bradford, West Yorkshire BD2 1NU",Detached,2.0,https://www.rightmove.co.uk/house-prices/details/england-116749667-16705723?s=26be212900b1d1f9d98b4a0865aa8f379940c5d61cae9581d6a5f45e4f3966e7,53.81849,-1.7501,25ff9bac-cc7d-4289-855e-77134bb0a376,33
34,"7, Musgrave Mount, Eccleshill, Bradford, West Yorkshire BD2 3LA",Semi-Detached,3.0,https://www.rightmove.co.uk/house-prices/details/england-119936153-17622853?s=847fe640b21c12649e552293fbac10aa5c8cc0d1b7fc5427e8213de397ff7127,53.80971,-1.72327,dbaee2db-ff1b-484f-9b97-93e8003b852d,34
35,"7, Vernon Place, Bradford, West Yorkshire BD2 4QN",Terraced,3.0,https://www.rightmove.co.uk/house-prices/details/england-56746332-16705867?s=991d3bb9494c55706707e84dbe552adcfd5f5d185d3f9a4e78a0e3bb2d6643b3,53.80901,-1.73087,93494f1b-c68b-40a4-b0fe-e2062d3aac2d,35
36,"24, Brow Wood Crescent, Bradford, West Yorkshire BD2 1EB",Semi-Detached,,https://www.rightmove.co.uk/house-prices/details/england-16705627?s=5ccb2dbc1ecaead966b762e90b6b92f27053d08dccbdda344998d29c4b9f3020,53.81329,-1.75605,e57093a9-3f11-4b2f-b33a-396932a62636,36
37,"21, Billets Avenue, Bradford, West Yorkshire BD2 3FD",Detached,,https://www.rightmove.co.uk/house-prices/details/england-17285188?s=21aefdb27d51c880e4b1e1711bc71bcaa9d66895aa933444340340e7039616bc,53.81437,-1.7161,63e93709-eb6d-4bd9-83a9-05af5cf8d015,37
38,"75, Myers Lane, Bradford, West Yorkshire BD2 4ED",Semi-Detached,3.0,https://www.rightmove.co.uk/house-prices/details/england-124662413-17622889?s=572d68a7b9a85c80280d8e963b3f5747d64651f0b39aa3f53c6b28c6e9ac1f8a,53.81632,-1.74176,c74792ed-9f3d-487a-a765-e4a3d544eed3,38
39,"5, Stone Hall Road, Bradford, West Yorkshire BD2 2EJ",Terraced,3.0,https://www.rightmove.co.uk/house-prices/details/england-65469022-16955650?s=e8e0bf968bbcb355b6fd3cdfb41f4f269c8a4ff9b4e1612d5def676647686f5c,53.81854,-1.72929,191e0801-a385-4327-bfd2-3351859f6cdc,39
40,"21, Thorndale Rise, Bradford, West Yorkshire BD2 1NU",Semi-Detached,2.0,https://www.rightmove.co.uk/house-prices/details/england-125681324-16705720?s=d2d884ee738ee9583a5f901032fa85e4877871e71cc557297dd02c70a0fe974d,53.81849,-1.7501,5883fde3-bb5d-451c-8d30-87d14e099799,40
41,"83, Stone Hall Road, Bradford, West Yorkshire BD2 2EW",Terraced,2.0,https://www.rightmove.co.uk/house-prices/details/england-70632324-17285122?s=7b2d76d1d9525c1a4df46934b0d2e2be6e9da88d5ac8b6602fae24d0ec055730,53.81997,-1.72822,b7181a83-c6bd-4ae0-b49c-e18cb0b02a2b,41
42,"23, Billets Avenue, Bradford, West Yorkshire BD2 3FD",Detached,,https://www.rightmove.co.uk/house-prices/details/england-17285185?s=b6fc422e33591911b8299450ae28fb8704a60d21e8e1d6f7b40cf8d44288c358,53.81437,-1.7161,db922997-7583-4602-8b9b-8630fff25411,42
43,"24, Institute Road, Bradford, West Yorkshire BD2 2HX",Terraced,3.0,https://www.rightmove.co.uk/house-prices/details/england-124248218-16705747?s=82f4a6f4c73bda06495d26f004baffbef228eeee1acd1966401b067da7d04e60,53.82113,-1.72563,fc29e26f-3943-4f48-bdb1-0c0d0913e461,43
44,"24, Bute Street, Bradford, West Yorkshire BD2 1DH",Terraced,3.0,https://www.rightmove.co.uk/house-prices/details/england-124732310-16955602?s=627bcc1c71295126801690ae9daf553dbd36a3625b4d3ded216b8003d57d4153,53.81923,-1.76225,d53cb816-db78-4eaf-995d-7ddd335d7595,44
45,"5, Chestnut Grove, Bradford, West Yorkshire BD2 1BP",Terraced,,https://www.rightmove.co.uk/house-prices/details/england-17285074?s=5a9121cd9d8e8d4dde30bc0c780f8a3e90f369894eae00cb456318b1bc97c384,53.81977,-1.7586,e1be16b7-75e3-4c5b-a933-bfc7f8832898,45
46,"15, Manor Street, Eccleshill, Bradford, West Yorkshire BD2 3BU",Terraced,1.0,https://www.rightmove.co.uk/house-prices/details/england-125456381-16705753?s=c879dfcc518e74a5107cb4aed2a665b1466fb6d63cbfa19b1eab92a9e86c0bde,53.81432,-1.73205,ce61d57b-b891-4219-9708-3462a0be4462,46
47,"12, Westgate, Eccleshill, Bradford, West Yorkshire BD2 2DH",Terraced,3.0,https://www.rightmove.co.uk/house-prices/details/england-124736030-16705741?s=c57558706500e50eedc346ee033fd0d16b6e93239a0ff22a25db1bbbe8bf63be,53.81969,-1.72245,ccda623e-f87f-4c48-b08e-0dfed4579777,47
48,"14, Lister Lane, Bradford, West Yorkshire BD2 4LZ",Semi-Detached,2.0,https://www.rightmove.co.uk/house-prices/details/england-38258877-16955845?s=4328871aa37164703fef69d12a1f8566b8058c4f8040a5634dd4b5ab4a99c152,53.81136,-1.73465,ae86aed1-f661-45c3-80a3-dcdaf03b2d0e,48
49,"17, Norman Avenue, Bradford, West Yorkshire BD2 2LY",Semi-Detached,3.0,https://www.rightmove.co.uk/house-prices/details/england-123596819-16705750?s=bf67a973338d0cc59c275f957c32e564b255b9bf4165e0e2a7f889f0c8ebdce9,53.82142,-1.73307,9aec5990-033d-4724-a716-951c66adb355,49
50,"14, Lister Lane, Bradford, West Yorkshire BD2 4LZ",Semi-Detached,2.0,https://www.rightmove.co.uk/house-prices/details/england-38258877-16955845?s=4328871aa37164703fef69d12a1f8566b8058c4f8040a5634dd4b5ab4a99c152,53.81136,-1.73465,60073193-92f6-4c63-814b-a9fda921549c,50
51,"72, Whiteways, Bradford, West Yorkshire BD2 4BG",Semi-Detached,3.0,https://www.rightmove.co.uk/house-prices/details/england-84711240-16955827?s=8e44a411acf1ce2b5e7646a7a414ceb639108c70fa3ffeb82ae7dd6519e541da,53.81274,-1.74983,7304dcd1-6642-4c57-ac16-6eff9d4f65de,51
52,"31, Midland Terrace, Bradford, West Yorkshire BD2 1AP",Semi-Detached,2.0,https://www.rightmove.co.uk/house-prices/details/england-123485240-16705624?s=47b6aed7e3b8b55d371e7b919baa590ca576bc71baca8899ed649d870d61bddb,53.81141,-1.75834,8fb791d7-7f14-45f2-b4f2-2fd874c0e59b,52
53,"63, Pullan Avenue, Bradford, West Yorkshire BD2 3RP",Detached,3.0,https://www.rightmove.co.uk/house-prices/details/england-123129953-16955815?s=fc63460cbc1f39b8fbb9af3cb97c2245cf6788f772ba1d18775cd7efc0697c07,53.81718,-1.72444,3285deda-91ab-4f34-b816-56b7d7690d35,53
54,"454, Idle Road, Bradford, West Yorkshire BD2 2AR",Semi-Detached,3.0,https://www.rightmove.co.uk/house-prices/details/england-27039564-16955635?s=583c68f0e232896581b55753130992510bf918e70e781a33b7b90449f128da2b,53.82179,-1.73595,b8896549-aca0-48b8-a3dd-5a814ed17bca,54
55,"57, Institute Road, Bradford, West Yorkshire BD2 2HU",Terraced,2.0,https://www.rightmove.co.uk/house-prices/details/england-122317853-16705744?s=497e08680698d4444ee076f7229ce0086546e105f852fc0bde688708a3408c62,53.82149,-1.72547,1cf22eb7-5c76-4aed-9b41-1bbc71dc1095,55
56,"39, Ashbourne Road, Bradford, West Yorkshire BD2 4AH",Semi-Detached,2.0,https://www.rightmove.co.uk/house-prices/details/england-27311365-16705855?s=c0377c731bdc81bd09cc2b8a0b16d4bc3c45bda04022648806448855bd1e63ac,53.81309,-1.74482,960beda7-7c25-40c0-b439-6f583b63ea31,56
57,"1, Tunwell Close, Bradford, West Yorkshire BD2 2BB",Semi-Detached,,https://www.rightmove.co.uk/house-prices/details/england-16705738?s=141833baf20ca15de4884ae9686ecc06dd9526ce998dff5db73202559e6d1345,53.81824,-1.72154,f98f74be-fd6a-4397-98ef-4de2aac3530f,57
58,"1, Willowfield Crescent, Bradford, West Yorkshire BD2 1LJ",Semi-Detached,3.0,https://www.rightmove.co.uk/house-prices/details/england-128526176-16955608?s=e9b7b0a7f14b1869c1982f44d3b033f096060d822a832284d57ce6fba0cb6c7d,53.82476,-1.73837,b8d0010e-fd5e-4663-a768-ce15bf64017a,58
59,"117, Blackthorne Close, Bradford, West Yorkshire BD2 3DZ",Semi-Detached,,https://www.rightmove.co.uk/house-prices/details/england-17622685?s=ba1f7793c96885556767257ac8a0696f4898ced06f862d06177364b604b71a30,53.81184,-1.71278,c415671d-7e9d-4d7f-9d6d-98f0414e47ca,59
60,"71, Leafield Crescent, Bradford, West Yorkshire BD2 3SG",Semi-Detached,,https://www.rightmove.co.uk/house-prices/details/england-16705840?s=1a0fc7075746d6bd371c5b6277accac8c7bdc984a78e5293ae5077c045d938bd,53.81521,-1.72886,effcaf86-fd9b-467c-8e1f-eacfdca471f1,60
61,"5, Shetland Close, Bradford, West Yorkshire BD2 1HA",Detached,3.0,https://www.rightmove.co.uk/house-prices/details/england-119643023-16705705?s=ab7b56849752fd8c267d169ec41656496c8f6bc4feae4322fa7d8300acbff82c,53.81677,-1.74616,e620942d-fcbc-421f-b893-c83a412c141c,61
62,"100, Wharncliffe Drive, Bradford, West Yorkshire BD2 3SY",Semi-Detached,2.0,https://www.rightmove.co.uk/house-prices/details/england-123145190-16705846?s=06e9d2fe2cbdebf8208c7763f22ab3e6720d9077b209905d20ace813838903c5,53.81608,-1.71488,23e0d328-0b30-44e9-a55e-3715a484c898,62
63,"65, Undercliffe Road, Bradford, West Yorkshire BD2 3BP",Terraced,2.0,https://www.rightmove.co.uk/house-prices/details/england-125207843-16955701?s=45c090d3ef05f0e14a120bf4e2d560988044987838f6e0a6c2421429e041d4f9,53.81441,-1.73129,d66cb63e-4986-465a-bee6-0ced444447a0,63
64,"12, Fagley Crescent, Bradford, West Yorkshire BD2 3LH",Semi-Detached,3.0,https://www.rightmove.co.uk/house-prices/details/england-85656651-17285245?s=2a68898d1d61957235bcf2767f39a5309ad54b44fce6ec621b991db679917f21,53.80836,-1.72116,95c9f294-1623-4d06-b114-693083b2901f,64
65,"101, Foston Lane, Bradford, West Yorkshire BD2 3QQ",Semi-Detached,3.0,https://www.rightmove.co.uk/house-prices/details/england-118640369-16955812?s=ed27c4526e79c40f71c313acf262fbedd280be4764be2802d49ec654c20c883d,53.80762,-1.71402,b2e60b09-bdcb-4f06-b10e-87baa8b13989,65
66,"101, Intake Road, Bradford, West Yorkshire BD2 3NQ",Terraced,1.0,https://www.rightmove.co.uk/house-prices/details/england-29595472-17622865?s=14eed607b2141b9867c37127d20f1a930980a718f6bdb9cb3e5d74e4968b73ba,53.80729,-1.72283,609fd8e9-f7b9-4bf6-b2da-822751a1fadf,66
67,"1, Stone Hall Mews, Flaxman Road, Bradford, West Yorkshire BD2 2EL",Flat,,https://www.rightmove.co.uk/house-prices/details/england-17285119?s=7d08b0c1643786c39874bd6edd198b75b3d0b2659ba516bd698e598321cc42c7,53.81943,-1.72792,50ab7cf5-ca1e-4c03-9830-793038fa3ab5,67
68,"4, Wellington Street, Eccleshill, Bradford, West Yorkshire BD2 3DP",Terraced,2.0,https://www.rightmove.co.uk/house-prices/details/england-124840580-16955707?s=f1ebaaa13eb9b6446e2d724f2a870b0777853c016c9400f0d6d5ee4c58a5640f,53.81107,-1.72858,66fe4a21-89e1-4152-9a59-2eeca501ec50,68
69,"11, Mount Road, Bradford, West Yorkshire BD2 2JD",Semi-Detached,2.0,https://www.rightmove.co.uk/house-prices/details/england-39929742-16955674?s=ee4d05a59b07cc5961c3f0f8cd9cc9c5c47df96e235faabe0c7572b40fa924f3,53.82222,-1.72836,4673a76c-f12e-497c-bef6-8b1bb63240b2,69
70,"123, Blackthorne Close, Bradford, West Yorkshire BD2 3DZ",Semi-Detached,,https://www.rightmove.co.uk/house-prices/details/england-17622682?s=fabfeef0962f33f723de176e79448e7f85cc3f4a6508519686b0ff2d32874556,53.81184,-1.71278,91d640dc-c668-44a1-a753-036ee57994cb,70
71,"91, Leeds Road, Eccleshill, Bradford, West Yorkshire BD2 3AZ",Semi-Detached,3.0,https://www.rightmove.co.uk/house-prices/details/england-12542954-16955689?s=6595c227eefc0a126890ef63cbf097910059ba042c7d9e68882a820744007fe5,53.81287,-1.72766,6c20604d-7a78-4a91-acfb-456ee53275b8,71
72,"32, Acre Drive, Bradford, West Yorkshire BD2 2LS",Semi-Detached,3.0,https://www.rightmove.co.uk/house-prices/details/england-84898734-17285149?s=a0ba7246e30242b276b0594082293dacfd4d34ef7649860c6a97dadcc311020b,53.8206,-1.72989,71e06dc7-8248-42a7-b544-011ed43de23e,72
73,"20, Ashbourne Road, Bradford, West Yorkshire BD2 4AJ",Semi-Detached,,https://www.rightmove.co.uk/house-prices/details/england-16955824?s=bcc87712cdd10f6fb4a373330ecc4eec093bec38d6ea66ddb95a42bd8eda440b,53.81228,-1.74558,9664f22d-f211-40b7-b821-c07010e384fc,73
74,"86, Wrose Road, Bradford, West Yorkshire BD2 1PA",Semi-Detached,3.0,https://www.rightmove.co.uk/house-prices/details/england-122803463-16955620?s=de02ac10aba7c7973eeae928bd4f20704015a353c72e99765707ca470f4f88d6,53.82612,-1.74489,d4875614-54f0-4f35-b04a-ff977b616681,74
75,"86, Wrose Road, Bradford, West Yorkshire BD2 1PA",Semi-Detached,3.0,https://www.rightmove.co.uk/house-prices/details/england-122803463-16955620?s=de02ac10aba7c7973eeae928bd4f20704015a353c72e99765707ca470f4f88d6,53.82612,-1.74489,a98e3535-3baa-486f-a40a-08fcb61220a4,75
76,"20, Ashbourne Road, Bradford, West Yorkshire BD2 4AJ",Semi-Detached,,https://www.rightmove.co.uk/house-prices/details/england-16955824?s=bcc87712cdd10f6fb4a373330ecc4eec093bec38d6ea66ddb95a42bd8eda440b,53.81228,-1.74558,beae63e5-4160-4b37-8819-884193ae4b62,76
77,"12, Churchfields, Bradford, West Yorkshire BD2 3JN",Flat,1.0,https://www.rightmove.co.uk/house-prices/details/england-50972190-16955797?s=6bf9eab3ef6cbb577e57b1b2186b47b8f5376b0056a38ba3e8c80438caf41c2e,53.80907,-1.71705,5e04cd50-5739-4e5b-a3a8-0c80a010e8f4,77
78,"39, Harrogate Road, Bradford, West Yorkshire BD2 3DY",Terraced,2.0,https://www.rightmove.co.uk/house-prices/details/england-85651533-16955710?s=f602cb174c7b7083ede0743096d872f6cf6574fb06388b1b5ad6a0f1fc3a6403,53.81089,-1.72797,7fd961e9-6349-45f3-9a3b-25687b474dc7,78
79,"6, Belle Vue, Eccleshill, Bradford, West Yorkshire BD2 2DL",Terraced,3.0,https://www.rightmove.co.uk/house-prices/details/england-50330847-16955641?s=45f6409b65b72b9e3fc6559def607d628dbb6adb27d32c9eef87ac44c8a24686,53.82068,-1.72305,9aaad099-09ce-4d49-9bf6-c405d8a0d223,79
80,"12, Tay Court, Bradford, West Yorkshire BD2 2BW",Flat,2.0,https://www.rightmove.co.uk/house-prices/details/england-119995544-16955638?s=70850e4cdcade95552afb8d8f69076464368ce107fde4a5c78122ab3d75675bd,53.81968,-1.72093,d4d3226f-6a21-4c68-ac84-d544f1119402,80
81,"46, Westwood Avenue, Bradford, West Yorkshire BD2 2NJ",Detached,2.0,https://www.rightmove.co.uk/house-prices/details/england-96579829-16955683?s=0f01dbcdfbe081756c0de0601ea7652316c58f96f72a77772f2514a35621b482,53.82223,-1.7355,3df8ec15-1d04-4b97-aab0-753e54e1752d,81
82,"6, Moorside Avenue, Bradford, West Yorkshire BD2 3HG",Semi-Detached,,https://www.rightmove.co.uk/house-prices/details/england-17285230?s=5f7ae0a929afc17ddb598bee03cca6a042263363e6bb8e9a72d727d21191d49a,53.81043,-1.72023,4ab07740-8480-4b7c-b955-d1e1d8483dd5,82
83,"121, Blackthorne Close, Bradford, West Yorkshire BD2 3DZ",Semi-Detached,,https://www.rightmove.co.uk/house-prices/details/england-17622679?s=bd695d0b45e76754eabfb98523626ef61208fd9e3b04cb94a9f14e6d835546ba,53.81184,-1.71278,c38059b4-9a0e-48ff-9a77-4412ba945b18,83
84,"2, Groveway, Bradford, West Yorkshire BD2 4HD",Semi-Detached,2.0,https://www.rightmove.co.uk/house-prices/details/england-122962502-16955836?s=5fd474772d042d044cc164ba843a58125fde6796cc576361fd5fad8cac524bc7,53.81586,-1.73964,2d166837-100e-4c26-b8fc-7b459f035ac6,84
85,"68, Cheltenham Road, Bradford, West Yorkshire BD2 1QQ",Semi-Detached,3.0,https://www.rightmove.co.uk/house-prices/details/england-59961727-16955629?s=36619cbd869ba49bb779b2a20a4fbe9dff31ac8d94f230bc40b0ac2b416b0fd7,53.82217,-1.74674,d2269a7c-4a82-42aa-80fe-35378c18d064,85
86,"39, Cherry Tree Place, Bradford, West Yorkshire BD2 3FB",Detached,,https://www.rightmove.co.uk/house-prices/details/england-17622733?s=39e00670ab762cc70727d54e17eb09f21744848396713f9055ece7bf0888b0d7,53.81139,-1.71111,bd94eb19-c43b-4787-8f15-7bf6bd65295e,86
87,"31, Plumpton Close, Bradford, West Yorkshire BD2 1NJ",Terraced,3.0,https://www.rightmove.co.uk/house-prices/details/england-85577661-16402951?s=5535c1acefb111e6562c63a7db4f7f7ef2bac00c6115a11ceb3dd32a29900015,53.82387,-1.74308,d1b7567d-7aca-46c8-85ab-1058d9654f49,87
88,"4, West Street, Bradford, West Yorkshire BD2 3BS",Terraced,3.0,https://www.rightmove.co.uk/house-prices/details/england-122247809-17285161?s=bf033dd1d5edd2bf1e0c21a097d4f27d8cf3697880aaa5998bb692b153f091ee,53.81477,-1.7322,8d3836f7-231f-4286-8aab-ca0d1a771bd0,88
89,"28, Tunwell Lane Cottages, Sovereign Court, Bradford, West Yorkshire BD2 2DB",Terraced,,https://www.rightmove.co.uk/house-prices/details/england-17285113?s=5be75edbc2641bfb83c49771fd9185352339cd3a727d3031877f59d8a9912f6e,53.81942,-1.72397,12eab32a-a156-4fca-ba76-8f5023b66775,89
90,"9, Kingsdale Crescent, Bradford, West Yorkshire BD2 4DD",Semi-Detached,3.0,https://www.rightmove.co.uk/house-prices/details/england-124910225-17285284?s=0460d570221a8d2ea037642e95e111ffeaa6d3071598a679fb5d3d6b1f1a459f,53.81299,-1.74345,611f2cdd-aa07-44d1-8654-94d767000ae7,90
91,"21, Institute Road, Bradford, West Yorkshire BD2 2HY",Terraced,3.0,https://www.rightmove.co.uk/house-prices/details/england-27041316-17285128?s=54a0ac3e5d6987e1b7f484a27e9ea59e103f6a4fb8658df38a5b75f446823f99,53.82078,-1.727,5226213a-75e4-4a7d-8358-3680acc58a96,91
92,"8, Back Manor Street, Bradford, West Yorkshire BD2 3BY",Terraced,3.0,https://www.rightmove.co.uk/house-prices/details/england-37463453-16955704?s=08cab84639656d890387ae81c535e4a4954feada67d61f2b829ca8c5566a12c4,53.81405,-1.73221,68ba8c14-017e-44cc-963d-061ad4301eb4,92
93,"8, King Street, Bradford, West Yorkshire BD2 2HR",Terraced,2.0,https://www.rightmove.co.uk/house-prices/details/england-65829916-16955665?s=4b62f1fcd11604c869b45293011a3b40dcb8197b0eb32fbbbedba39784cf8b7d,53.8223,-1.72456,43b0fa63-6230-4892-afcc-6a11ce0ee71b,93
94,"91, Fetlock Drive, Bradford, West Yorkshire BD2 3FH",Detached,,https://www.rightmove.co.uk/house-prices/details/england-17285203?s=077439336de9964cb0705b9ab294c3ff0c65efc48045c45df7b429214d23eab6,53.81572,-1.71655,261fc653-1d95-49a0-bdcb-4f549b8977e9,94
95,"27, Farlea Drive, Bradford, West Yorkshire BD2 3RJ",Semi-Detached,3.0,https://www.rightmove.co.uk/house-prices/details/england-85506591-16403086?s=ed1b34705e1c31e64d93f1eeff046bca465ad2c38f0af7f0cda5b5ef4c8409ae,53.81492,-1.72111,610ef3e0-acad-45de-b766-56ca7debe296,95
96,"22, Idle Road, Bradford, West Yorkshire BD2 4PE",Terraced,1.0,https://www.rightmove.co.uk/house-prices/details/england-123013022-16955848?s=b7f3e18dfafdd7e0d9bc5ecd3f658fed1901ecfea2ae2159bb9357adc049a066,53.80875,-1.7327,c1e50e72-d5ac-40cd-b7be-d6b7f165a491,96
97,"2, Hodgson Fold, Bradford, West Yorkshire BD2 4EB",Terraced,2.0,https://www.rightmove.co.uk/house-prices/details/england-121250597-16955830?s=d9c3b2c19b93e214cd2c76490400fbd69fe7c2f82d3a372eacf1a4292a98cd60,53.81614,-1.74404,affc85f0-97f4-4b50-9bc7-474ab9613b9b,97
98,"59, Mount Terrace, Bradford, West Yorkshire BD2 2JE",Terraced,3.0,https://www.rightmove.co.uk/house-prices/details/england-69632138-16955677?s=cfc8122078352b9da9b8efa3d5737efd3e30d4676257fd0dc27d89953672fbce,53.82294,-1.72835,f24ee6e0-f8fa-40b2-859f-3425b351a7e3,98
99,"8, Whitehead Grove, Fagley, Bradford, West Yorkshire BD2 3NN",Terraced,3.0,https://www.rightmove.co.uk/house-prices/details/england-36994168-16955809?s=35f795e15e10bd55cefbf259f4b4c8e345cc1347b2428a469841a1881f2ebe35,53.80639,-1.72527,88cdcdad-f702-4027-89df-cbf3a997744b,99
100,"21, Ashbourne Oval, Bradford, West Yorkshire BD2 4DH",Terraced,2.0,https://www.rightmove.co.uk/house-prices/details/england-125382470-17285287?s=2d5ba86a4b7b13169146db0e0962852d879fec3ae4f81c96b711d9c7cd2cc83b,53.81426,-1.74527,68513a5d-bb78-4103-a340-39e42e5d7f48,100
101,"37, Thompson Avenue, Bradford, West Yorkshire BD2 1JS",Semi-Detached,,https://www.rightmove.co.uk/house-prices/details/england-16955605?s=0ef208fa638f5f3bc810d04f2433d87d6c7611ae2e08dcc7daf7ab3dd2f8b3ad,53.82037,-1.74705,9e7703d7-218a-45a2-aa18-5476da95985a,101
102,"15, Fagley Terrace, Bradford, West Yorkshire BD2 3LU",Terraced,3.0,https://www.rightmove.co.uk/house-prices/details/england-123212954-16955806?s=c789f7018d0a39ecbc7af77599359ffa9c29f8eec399885de19da1770aa58236,53.80594,-1.72239,c683900f-2bcf-4210-bae5-2f8c9f841a55,102
103,"14, Billets Avenue, Bradford, West Yorkshire BD2 3FD",Semi-Detached,,https://www.rightmove.co.uk/house-prices/details/england-16705771?s=607f6f4a617b36e89fb2fcca8531ef4c4657a4f5d93304218f33aaaf18fd722b,53.81437,-1.7161,e91eced9-eeac-4080-a05e-100676ab1638,103
104,"16, Billets Avenue, Bradford, West Yorkshire BD2 3FD",Semi-Detached,,https://www.rightmove.co.uk/house-prices/details/england-16705774?s=a4f00ef95299f1ab535381d176f34974aa4520a50f6a4550c60e104e3dfbfe57,53.81437,-1.7161,130835e0-5bf4-47c5-8641-fc20a95a9861,104
105,"16, Fagley Lane, Bradford, West Yorkshire BD2 3NS",Terraced,2.0,https://www.rightmove.co.uk/house-prices/details/england-83566987-16403080?s=4a7e8f08914b61ccc4a22605b87c53e9b43438088f53bddf8f2fd9b4598753e7,53.81464,-1.71808,bbaa1d0f-a753-4399-9ccf-d2133b86c6f3,105
106,"52, Kings Drive, Bradford, West Yorkshire BD2 1PX",Semi-Detached,2.0,https://www.rightmove.co.uk/house-prices/details/england-85613925-16402960?s=2f58487c688419344efecc37214da9905a0f9d4f45e2b94be6b2874dcf8cfd1b,53.82594,-1.74702,6dcb6aa4-029c-4a42-a0e8-ff98595eabca,106
107,"25, Blackthorne Close, Bradford, West Yorkshire BD2 3DZ",Semi-Detached,,https://www.rightmove.co.uk/house-prices/details/england-17622670?s=1f09d4315e8681b7e8630abbcf0eb5537112e20160a27c05836a4ba62581b5be,53.81184,-1.71278,1ae07502-2391-4a05-8e00-87b3f356846c,107
108,"3, Norman Lane, Bradford, West Yorkshire BD2 2LB",Terraced,3.0,https://www.rightmove.co.uk/house-prices/details/england-87045817-16402990?s=0af3d3508aeb66d0d662cbafba210d0795123d36218cf563519db891201ccf30,53.82321,-1.72881,8f8396c4-1f5f-4488-8c16-b574c16715c1,108
109,"89, Fetlock Drive, Bradford, West Yorkshire BD2 3FH",Terraced,,https://www.rightmove.co.uk/house-prices/details/england-16705810?s=1100b3f5f378e7226560930034b14c794bc24bb4de707acd8eab2f2c3a7ed364,53.81572,-1.71655,acd789ae-2d98-4a5e-877f-b87c4d788420,109
110,"27, Ashbourne Avenue, Bradford, West Yorkshire BD2 4AW",Terraced,3.0,https://www.rightmove.co.uk/house-prices/details/england-85381914-16403101?s=29062106625bd5d6c40774db1c3f65f93e2ec66a9ae09aaad9605ff8ce31f234,53.81309,-1.74694,b3ed0f5d-203d-40e5-8876-751f4a4ba32c,110
111,"39, Blackthorne Close, Bradford, West Yorkshire BD2 3DZ",Semi-Detached,,https://www.rightmove.co.uk/house-prices/details/england-17622673?s=08df9701a69dddbacbe6d9905456a89db13638ecac092939eed016995ddb69b0,53.81184,-1.71278,4499bb11-1708-4edf-b28b-48a2e7109859,111
112,"37, Blackthorne Close, Bradford, West Yorkshire BD2 3DZ",Detached,,https://www.rightmove.co.uk/house-prices/details/england-17622676?s=3aabcecb24a58cdab1e07f614e629af9ad9fc421959cec3cf1378bcfe18eb920,53.81184,-1.71278,614cd613-7036-44be-b81a-14dbae3582d0,112
113,"1, Westfield Terrace, Bradford, West Yorkshire BD2 4RJ",Terraced,3.0,https://www.rightmove.co.uk/house-prices/details/england-122043611-16403140?s=97b5e77fdded133297485bb17a9a8f93e6b7c39b8f26565419d137b88cbbb72f,53.80461,-1.73333,ffe39c12-d876-4486-8f82-a98bc7d25381,113
114,"5, Vicarage Mews, Bradford, West Yorkshire BD2 4LG",Terraced,,https://www.rightmove.co.uk/house-prices/details/england-16955842?s=994fb0029d250060ff46baf7f60d6fdc492493ec3280fa350452d53594d3c4f9,53.81218,-1.74133,c89f61d9-0e19-4f9a-8638-0aab3664e610,114
115,"314, Dudley Hill Road, Bradford, West Yorkshire BD2 3DH",Terraced,3.0,https://www.rightmove.co.uk/house-prices/details/england-124044623-16402996?s=e7f852560dd9be8a5809ea62ece32ce8bfbce4bb0fd87a0d49d50b781664d9d0,53.81126,-1.73131,a35ed9f9-1630-40f0-98e8-578e26f77736,115
116,"47, Fagley Road, Bradford, West Yorkshire BD2 3LS",Terraced,2.0,https://www.rightmove.co.uk/house-prices/details/england-37919451-16955803?s=203e7b91faa2c65d415bd2a1ec64bb18b27e61eeaa62e6d57b34a39f5709ab2d,53.8063,-1.72299,0685288a-be87-464d-bbe3-c466e8ece6d8,116
117,"20, Swires Road, Bradford, West Yorkshire BD2 4RS",Semi-Detached,,https://www.rightmove.co.uk/house-prices/details/england-17285314?s=6f0805088bd5ecd72e158bb1de722884357b57e080d5dd1b423a1e0523b66f2b,53.80586,-1.72755,106ff700-0a11-4d62-b7f3-eb8e22eb8c0e,117
118,"15, Ennerdale Drive, Bradford, West Yorkshire BD2 4JD",Semi-Detached,3.0,https://www.rightmove.co.uk/house-prices/details/england-113961647-16403125?s=e6c76b6d7a205b8ec56c796462c65f973e43f97448de007514c453f3fda11ca5,53.81244,-1.7351,dde8606c-cc66-45df-a8a1-071d60116ad2,118
119,"12, Vernon Place, Bradford, West Yorkshire BD2 4QN",Terraced,2.0,https://www.rightmove.co.uk/house-prices/details/england-73894678-16403134?s=05e70820a836c6e24628aa37d7922b34784ba00972c17d3107a9f972dd2a73af,53.80901,-1.73087,0378a36b-4ccf-456a-b4a7-b685dbc6cd40,119
120,"202, Moorside Road, Bradford, West Yorkshire BD2 3HE",Detached,4.0,https://www.rightmove.co.uk/house-prices/details/england-22482110-17285227?s=2a5f72c94e751e7cebe93ddae7bf01373d3c15f168364d0f2d6d1db1ec3b6644,53.81169,-1.72356,806cea67-d018-473e-b85f-38d7e72cdfd7,120
121,"40, Mint Street, Bradford, West Yorkshire BD2 4QU",Semi-Detached,4.0,https://www.rightmove.co.uk/house-prices/details/england-118461416-16403137?s=2371459d961963f6aaa0fc7f3685d7bd07b4fac78bab1c5f95707a2b240fd9df,53.8064,-1.73013,e11e1159-cc0d-4bbd-8e37-304d6ff34c43,121
122,"225, Moorside Road, Bradford, West Yorkshire BD2 3HP",Terraced,1.0,https://www.rightmove.co.uk/house-prices/details/england-73402208-16955791?s=1f9af806ad259c789e9b555daa57ca12e03bb371cbf54bc2cc2a264dcc09ba6b,53.81178,-1.72296,3ac59dcd-1ace-4af8-9dcf-edb8b3bb5700,122
123,"143, Wrose Road, Bradford, West Yorkshire BD2 1PT",Semi-Detached,,https://www.rightmove.co.uk/house-prices/details/england-16705726?s=fe58d6dd9490bea7df166b72a47079284cf888ef2e8b6b95f239f1a54feeb8c6,53.8264,-1.74808,a9a38b84-1760-4655-9830-837a20d675db,123
124,"5, Moorwell Place, Bradford, West Yorkshire BD2 2EX",Terraced,,https://www.rightmove.co.uk/house-prices/details/england-16955656?s=6bfc16a59ac9b80185ea5a0b35e52c2b81794b5b58696474667282de0552a464,53.81826,-1.72732,76fec8a2-6218-4c2e-a9f3-4edd92b85876,124
